ward,precinct,voters_registered,ballots_cast
1,1,917,207
1,2,790,151
1,3,878,211
1,4,992,174
1,5,775,164
1,6,825,159
1,7,594,157
1,8,794,176
1,9,614,133
1,10,998,212
1,11,899,211
1,12,1003,210
1,13,418,100
1,14,823,193
1,15,805,158
1,16,871,226
1,17,778,161
1,18,916,180
1,19,929,264
1,20,670,153
1,21,1220,228
1,22,569,132
1,23,948,279
1,24,976,220
1,25,860,175
1,26,712,128
1,27,1032,212
1,28,381,34
1,29,989,256
1,30,951,228
1,31,833,155
1,32,768,172
1,33,1013,219
1,34,614,184
1,35,1029,183
1,36,888,226
1,37,841,195
1,38,859,174
1,39,763,148
1,40,768,157
1,41,433,111
1,42,264,51
1,43,540,141
1,44,673,162
2,1,959,170
2,2,571,153
2,3,915,208
2,4,811,180
2,5,968,191
2,6,796,148
2,7,765,135
2,8,1066,174
2,9,880,168
2,10,659,158
2,11,837,211
2,12,771,139
2,13,656,210
2,14,796,209
2,15,800,162
2,16,787,180
2,17,904,260
2,18,735,163
2,19,551,143
2,20,1029,164
2,21,865,203
2,22,884,205
2,23,518,164
2,24,752,159
2,25,884,222
2,26,828,135
2,27,687,128
2,28,862,173
2,29,864,170
2,30,628,144
2,31,877,232
2,32,633,99
2,33,663,243
2,34,576,166
2,35,1026,201
2,36,903,186
2,37,627,193
2,38,688,165
2,39,589,84
2,40,1150,180
2,41,1005,139
2,42,809,148
2,43,994,189
2,44,754,177
2,45,626,111
2,46,460,111
3,1,1227,216
3,2,762,312
3,3,818,140
3,4,851,238
3,5,597,96
3,6,1013,273
3,7,526,189
3,8,748,124
3,9,899,201
3,10,539,74
3,11,819,176
3,12,692,289
3,13,861,237
3,14,829,205
3,15,809,139
3,16,720,157
3,17,1050,205
3,18,1328,242
3,19,890,235
3,20,876,210
3,21,863,261
3,22,1058,244
3,23,777,136
3,24,756,140
3,25,1438,358
3,26,828,272
3,27,1049,244
3,28,534,144
3,29,1010,137
3,30,699,198
3,31,877,179
3,32,1369,265
3,33,903,220
3,34,1140,274
3,35,1173,103
3,36,508,67
3,37,724,136
3,38,510,215
3,39,1611,321
3,40,775,161
3,41,649,203
4,1,940,285
4,2,996,282
4,3,672,133
4,4,1050,264
4,5,730,238
4,6,898,349
4,7,959,285
4,8,858,272
4,9,782,360
4,10,905,331
4,11,829,113
4,12,994,235
4,13,671,140
4,14,751,237
4,15,825,247
4,16,1384,327
4,17,879,256
4,18,778,249
4,19,767,126
4,20,696,210
4,21,820,193
4,22,766,248
4,23,871,312
4,24,728,197
4,25,1012,281
4,26,692,184
4,27,945,286
4,28,611,164
4,29,778,211
4,30,1130,225
4,31,611,341
4,32,906,244
4,33,795,193
4,34,716,192
4,35,866,289
4,36,906,302
4,37,1456,366
4,38,757,276
5,1,738,129
5,2,639,108
5,3,589,211
5,4,818,267
5,5,713,174
5,6,629,156
5,7,666,223
5,8,704,249
5,9,750,282
5,10,726,112
5,11,639,255
5,12,621,93
5,13,741,154
5,14,577,246
5,15,643,203
5,16,778,172
5,17,726,124
5,18,655,187
5,19,600,247
5,20,678,314
5,21,594,207
5,22,752,355
5,23,1084,372
5,24,786,253
5,25,628,201
5,26,725,185
5,27,631,192
5,28,741,228
5,29,773,194
5,30,568,100
5,31,589,116
5,32,711,236
5,33,828,218
5,34,700,255
5,35,788,308
5,36,513,72
5,37,664,292
5,38,734,157
5,39,568,220
5,40,578,149
5,41,314,188
6,43,665,136
6,44,737,148
6,45,643,172
6,46,541,122
6,47,539,125
6,48,659,130
6,1,613,193
6,2,656,213
6,3,602,181
6,4,566,86
6,5,581,85
6,6,687,175
6,7,692,98
6,8,627,202
6,9,702,105
6,10,571,66
6,11,596,114
6,12,605,73
6,13,545,146
6,14,700,149
6,15,761,92
6,16,668,180
6,17,604,80
6,18,654,121
6,19,632,106
6,20,586,77
6,21,505,53
6,22,520,69
6,23,506,60
6,24,468,62
6,25,463,64
6,26,565,75
6,27,524,73
6,28,482,48
6,29,608,214
6,30,665,97
6,31,640,193
6,32,638,152
6,33,647,166
6,34,599,151
6,35,568,176
6,36,623,213
6,37,618,230
6,38,654,203
6,39,644,131
6,40,661,122
6,41,641,179
6,42,686,140
7,1,674,101
7,2,755,112
7,3,599,139
7,4,609,129
7,5,608,107
7,6,727,198
7,7,763,102
7,8,578,124
7,9,964,282
7,10,722,192
7,11,761,116
7,12,675,94
7,13,387,120
7,14,827,131
7,15,611,142
7,16,758,89
7,17,601,103
7,18,660,116
7,19,626,121
7,20,661,76
7,21,552,75
7,22,666,107
7,23,576,164
7,24,597,92
7,25,653,62
7,26,514,131
7,27,583,112
7,28,573,85
7,29,614,121
7,30,640,87
7,31,553,70
7,32,715,256
7,33,679,251
7,34,756,200
7,35,726,123
7,36,701,192
7,37,619,173
7,38,627,119
7,39,571,142
7,40,570,127
7,41,679,102
7,42,594,130
7,43,643,132
7,44,614,115
7,45,817,87
7,46,211,71
8,1,659,111
8,2,701,108
8,3,629,247
8,4,654,207
8,5,631,222
8,6,628,187
8,7,671,201
8,8,583,227
8,9,437,96
8,10,678,283
8,11,540,112
8,12,595,129
8,13,690,144
8,14,603,60
8,15,664,125
8,16,229,35
8,17,511,169
8,18,698,68
8,19,623,229
8,20,713,203
8,21,839,190
8,22,611,150
8,23,702,98
8,24,342,107
8,25,655,141
8,26,604,102
8,27,753,252
8,28,662,161
8,29,745,200
8,30,695,175
8,31,532,118
8,32,479,127
8,33,651,121
8,34,630,155
8,35,692,202
8,36,648,164
8,37,461,149
8,38,542,109
8,39,589,154
8,40,512,116
8,41,673,156
8,42,819,196
8,43,388,61
8,44,474,113
8,45,682,77
8,46,524,125
8,47,547,138
8,48,662,148
8,49,612,159
8,50,623,185
8,51,588,205
8,52,764,268
8,53,337,86
8,54,646,80
8,55,502,163
8,56,644,208
9,1,659,132
9,2,537,105
9,3,720,53
9,4,500,102
9,5,634,158
9,6,620,122
9,7,591,67
9,8,751,90
9,9,683,175
9,10,576,90
9,11,506,102
9,12,663,191
9,13,661,184
9,14,720,186
9,15,1296,53
9,16,612,129
9,17,560,62
9,18,485,111
9,19,610,120
9,20,655,132
9,21,653,112
9,22,624,154
9,23,706,184
9,24,606,181
9,25,590,131
9,26,960,71
9,27,582,126
9,28,623,51
9,29,695,69
9,30,593,91
9,31,642,85
9,32,633,147
9,33,588,95
9,34,643,97
9,35,571,157
9,36,590,101
9,37,853,211
9,38,645,108
9,39,701,161
9,40,712,195
9,41,520,113
9,42,640,186
9,43,694,98
9,44,550,135
9,45,533,95
9,46,684,139
9,47,622,187
9,48,648,180
9,49,675,186
9,50,788,234
9,51,572,185
10,1,601,126
10,2,724,89
10,3,962,100
10,4,724,58
10,5,685,75
10,6,685,82
10,7,661,48
10,8,518,34
10,9,723,72
10,10,772,104
10,11,1044,89
10,12,564,57
10,13,826,96
10,14,943,106
10,15,1217,231
10,16,654,60
10,17,997,135
10,18,526,47
10,19,771,69
10,20,797,89
10,21,836,81
10,22,551,28
10,23,756,75
10,24,725,75
10,25,231,36
10,26,774,64
10,27,894,62
10,28,903,87
10,29,798,69
10,30,738,65
10,31,775,55
10,32,780,79
10,33,662,65
10,34,661,41
10,35,751,109
10,36,209,36
11,1,916,166
11,2,109,6
11,3,721,175
11,4,787,131
11,5,1114,172
11,6,1024,221
11,7,575,102
11,8,875,133
11,9,827,106
11,10,965,117
11,11,974,134
11,12,1046,167
11,13,1008,162
11,14,602,96
11,15,381,71
11,16,704,97
11,17,883,209
11,18,786,116
11,19,1054,215
11,20,606,110
11,21,834,247
11,22,1027,174
11,23,429,104
11,24,724,277
11,25,871,198
11,26,775,187
11,27,438,49
11,28,453,56
11,29,860,190
11,30,605,88
11,31,807,142
11,32,365,75
11,33,857,163
11,34,321,76
11,35,212,41
11,36,440,52
11,37,368,45
11,38,447,78
12,1,734,135
12,2,741,74
12,3,848,189
12,4,800,142
12,5,784,130
12,6,1055,129
12,7,777,77
12,8,875,133
12,9,723,95
12,10,1001,106
12,11,935,70
12,12,988,87
12,13,910,97
12,14,800,81
12,15,869,78
12,16,880,44
12,17,942,85
12,18,852,53
12,19,781,97
12,20,1085,91
12,21,864,119
12,22,891,78
12,23,857,146
13,1,514,103
13,2,444,97
13,3,566,43
13,4,654,99
13,5,716,67
13,6,508,117
13,7,536,48
13,8,460,63
13,9,657,71
13,10,473,95
13,11,603,114
13,12,621,74
13,13,561,90
13,14,637,89
13,15,961,95
13,16,486,45
13,17,547,91
13,18,509,80
13,19,867,65
13,20,416,62
13,21,609,132
13,22,626,115
13,23,544,65
13,24,622,80
13,25,609,67
13,26,665,94
13,27,577,84
13,28,527,64
13,29,525,53
13,30,500,44
13,31,655,116
13,32,523,88
13,33,541,110
13,34,696,77
13,35,576,73
13,36,443,38
13,37,631,156
13,38,475,74
13,39,593,84
13,40,476,50
13,41,737,92
13,42,616,122
13,43,582,99
13,44,674,66
13,45,662,82
13,46,764,72
13,47,758,94
13,48,491,89
14,1,717,153
14,2,1015,87
14,3,816,53
14,4,667,81
14,5,1176,69
14,6,391,26
14,7,942,88
14,8,937,72
14,9,794,90
14,10,588,49
14,11,479,27
14,12,838,84
14,13,740,74
14,14,725,79
14,15,857,53
14,16,579,66
14,17,661,40
14,18,339,40
14,19,776,70
14,20,600,53
14,21,736,43
14,22,1030,100
14,23,615,74
14,24,770,120
14,25,493,34
14,26,576,64
14,27,760,70
14,28,607,50
14,29,637,54
14,30,554,42
14,31,459,44
15,1,818,84
15,2,452,64
15,3,536,76
15,4,876,52
15,5,865,51
15,6,907,57
15,7,535,52
15,8,808,63
15,9,1093,83
15,10,1129,126
15,11,1055,79
15,12,977,66
15,13,926,74
15,14,869,48
15,15,818,56
15,16,896,62
15,17,522,84
15,18,490,60
15,19,724,92
15,20,546,72
15,21,408,61
15,22,599,81
15,23,572,96
15,24,521,53
16,20,515,66
16,21,557,52
16,22,666,58
16,23,887,51
16,24,338,42
16,25,667,110
16,26,497,60
16,27,501,44
16,28,551,97
16,29,561,68
16,30,468,65
16,31,570,74
16,32,884,66
16,33,527,62
16,34,571,78
16,35,940,67
16,36,397,50
16,1,997,84
16,2,678,88
16,3,513,68
16,4,691,69
16,5,533,62
16,6,595,83
16,7,650,82
16,8,550,47
16,9,611,78
16,10,591,86
16,11,685,61
16,12,588,48
16,13,784,25
16,14,538,61
16,15,560,84
16,16,535,96
16,17,914,67
16,18,713,75
16,19,629,79
17,1,747,70
17,2,697,107
17,3,696,122
17,4,741,159
17,5,508,93
17,6,722,88
17,7,763,68
17,8,645,80
17,9,518,97
17,10,769,143
17,11,533,71
17,12,994,87
17,13,649,92
17,14,782,67
17,15,694,121
17,16,812,90
17,17,712,98
17,18,660,161
17,19,500,48
17,20,678,174
17,21,634,204
17,22,671,114
17,23,500,80
17,24,677,152
17,25,599,82
17,26,726,134
17,27,674,121
17,28,509,99
17,29,596,133
17,30,712,45
17,31,515,80
17,32,599,69
17,33,526,51
17,34,552,63
17,35,571,63
17,36,556,108
17,37,572,119
17,38,755,118
17,39,611,121
17,40,680,167
17,41,703,153
18,1,678,100
18,2,790,68
18,3,597,93
18,4,625,184
18,5,470,73
18,6,608,97
18,7,712,103
18,8,643,177
18,9,549,191
18,10,748,254
18,11,640,117
18,12,624,154
18,13,677,122
18,14,649,187
18,15,831,109
18,16,604,152
18,17,700,112
18,18,551,183
18,19,570,161
18,20,510,108
18,21,729,203
18,22,643,197
18,23,697,124
18,24,769,69
18,25,753,96
18,26,666,235
18,27,598,105
18,28,698,100
18,29,763,139
18,30,845,93
18,31,720,136
18,32,633,169
18,33,549,91
18,34,633,223
18,35,681,198
18,36,728,91
18,37,692,202
18,38,591,133
18,39,608,91
18,40,747,129
18,41,705,213
18,42,642,94
18,43,605,59
18,44,657,90
18,45,770,88
18,46,805,88
18,47,556,87
18,48,504,75
18,49,538,72
18,50,623,88
19,1,568,128
19,2,776,325
19,3,546,69
19,4,753,143
19,5,657,256
19,6,694,141
19,7,561,151
19,8,753,90
19,9,454,121
19,10,715,281
19,11,651,120
19,12,594,88
19,13,695,250
19,14,674,228
19,15,895,134
19,16,641,158
19,17,564,146
19,18,561,233
19,19,787,325
19,20,543,207
19,21,717,115
19,22,642,238
19,23,641,171
19,24,474,89
19,25,598,201
19,26,618,200
19,27,617,207
19,28,752,248
19,29,743,108
19,30,665,96
19,31,569,183
19,32,574,147
19,33,708,119
19,34,507,170
19,35,563,204
19,36,835,253
19,37,585,238
19,38,594,199
19,39,270,45
19,40,672,224
19,41,645,108
19,42,472,169
19,43,885,245
19,44,768,134
19,45,666,139
19,46,633,162
19,47,851,330
19,48,886,185
19,49,727,266
19,50,537,135
19,51,675,208
19,52,817,140
19,53,585,149
19,54,602,86
19,55,585,83
19,56,608,251
19,57,488,187
20,1,677,153
20,2,340,26
20,3,520,125
20,4,440,45
20,5,792,127
20,6,412,44
20,7,886,104
20,8,641,119
20,9,820,210
20,10,558,76
20,11,905,116
20,12,678,61
20,13,809,122
20,14,319,98
20,15,1015,69
20,16,695,170
20,17,683,56
20,18,523,92
20,19,724,89
20,20,705,56
20,21,632,81
20,22,775,224
20,23,746,97
20,24,749,171
20,25,574,98
20,26,606,157
20,27,420,82
20,28,480,72
20,29,771,167
20,30,352,59
20,31,838,147
20,32,649,97
20,33,438,73
20,34,726,157
20,35,722,40
20,36,270,42
20,37,236,35
20,38,278,32
20,39,36,4
21,1,679,182
21,2,574,73
21,3,652,181
21,4,724,142
21,5,668,181
21,6,600,111
21,7,598,187
21,8,697,160
21,9,619,180
21,10,561,134
21,11,631,138
21,12,644,115
21,13,684,113
21,14,736,170
21,15,595,125
21,16,608,115
21,17,611,118
21,18,662,181
21,19,718,168
21,20,584,152
21,21,554,140
21,22,614,139
21,23,605,147
21,24,657,165
21,25,576,157
21,26,725,89
21,27,663,155
21,28,796,157
21,29,711,164
21,30,635,111
21,31,443,152
21,32,685,126
21,33,592,117
21,34,673,107
21,35,767,173
21,36,619,142
21,37,532,121
21,38,752,115
21,39,685,86
21,40,602,141
21,41,665,172
21,42,737,163
21,43,689,150
21,44,720,158
21,45,655,129
21,46,686,149
21,47,624,108
21,48,667,145
21,49,693,175
21,50,571,111
21,51,627,173
21,52,646,160
21,53,501,114
21,54,542,130
22,1,382,60
22,2,838,106
22,3,1160,116
22,4,713,54
22,5,825,77
22,6,783,76
22,7,586,81
22,8,1014,127
22,9,734,64
22,10,1015,124
22,11,807,52
22,12,669,90
22,13,836,66
22,14,750,83
22,15,683,55
22,16,649,60
22,17,911,102
22,18,782,61
22,19,369,42
22,20,830,70
22,21,747,95
22,22,869,49
22,23,787,161
22,24,987,110
22,25,792,69
23,33,785,69
23,34,789,65
23,35,526,59
23,36,605,100
23,37,638,135
23,38,592,93
23,39,747,90
23,1,591,92
23,2,685,107
23,3,596,107
23,4,687,96
23,5,718,64
23,6,767,73
23,7,693,49
23,8,862,93
23,9,669,41
23,10,788,85
23,11,857,71
23,12,629,97
23,13,711,58
23,14,607,76
23,15,684,54
23,16,575,122
23,17,661,40
23,18,580,90
23,19,668,53
23,20,616,38
23,21,587,110
23,22,660,77
23,23,598,120
23,24,675,64
23,25,758,59
23,26,751,77
23,27,556,100
23,28,683,73
23,29,540,80
23,30,837,81
23,31,635,48
23,32,734,67
24,1,633,93
24,2,644,71
24,3,709,82
24,4,496,57
24,5,362,35
24,6,632,94
24,7,443,53
24,8,345,33
24,9,620,89
24,10,324,67
24,11,767,79
24,12,399,48
24,13,405,44
24,14,574,54
24,15,370,39
24,16,1425,504
24,17,576,72
24,18,632,103
24,19,710,96
24,20,547,73
24,21,361,44
24,22,819,125
24,23,587,82
24,24,842,92
24,25,534,47
24,26,888,210
24,27,659,109
24,28,422,52
24,29,453,30
24,30,378,51
24,31,644,85
24,32,283,60
24,33,419,48
24,34,587,71
24,35,557,88
24,36,771,135
24,37,396,59
24,38,420,88
24,39,660,125
24,40,894,98
24,41,451,80
25,1,626,107
25,2,808,171
25,3,1299,207
25,4,696,93
25,5,829,130
25,6,597,53
25,7,778,135
25,8,854,146
25,9,885,107
25,10,1095,173
25,11,911,153
25,12,687,145
25,13,968,200
25,14,862,131
25,15,723,114
25,16,1258,185
25,17,758,172
25,18,834,157
25,19,870,138
25,20,687,69
25,21,1772,325
25,22,847,134
25,23,788,185
25,24,763,104
25,25,657,128
25,26,787,129
25,27,1082,171
25,28,782,136
25,29,675,121
25,30,790,116
25,31,1436,210
25,32,838,106
26,1,619,135
26,2,591,101
26,3,641,145
26,4,564,58
26,5,580,110
26,6,708,80
26,7,473,105
26,8,413,51
26,9,626,114
26,10,596,104
26,11,623,113
26,12,687,143
26,13,520,51
26,14,577,97
26,15,516,50
26,16,499,40
26,17,509,131
26,18,567,67
26,19,500,53
26,20,513,127
26,21,801,128
26,22,518,27
26,23,534,62
26,24,577,89
26,25,492,98
26,26,449,92
26,27,721,158
26,28,662,173
26,29,350,74
26,30,516,120
26,31,368,58
26,32,649,124
26,33,660,144
26,34,616,147
26,35,550,104
26,36,599,128
26,37,660,127
26,38,410,55
26,39,653,142
26,40,424,60
26,41,706,141
26,42,505,111
26,43,465,56
26,44,452,53
26,45,443,47
26,46,434,95
26,47,522,50
26,48,602,140
26,49,457,49
27,1,1505,234
27,2,823,170
27,3,519,62
27,4,437,76
27,5,718,85
27,6,898,144
27,7,929,178
27,8,1295,81
27,9,376,69
27,10,656,151
27,11,777,104
27,12,492,99
27,13,926,218
27,14,450,53
27,15,484,54
27,16,760,100
27,17,752,116
27,18,547,79
27,19,522,57
27,20,501,54
27,21,666,150
27,22,503,67
27,23,547,88
27,24,702,58
27,25,670,119
27,26,531,82
27,27,972,153
27,28,1191,181
27,29,628,77
27,30,347,44
27,31,585,66
27,32,605,116
27,33,971,141
27,34,547,70
27,35,844,176
27,36,526,82
27,37,754,155
27,38,913,228
27,39,480,104
27,40,963,133
27,41,701,134
27,42,495,117
27,43,596,84
27,44,631,71
27,45,2180,276
27,46,504,110
27,47,503,124
27,48,1542,202
27,49,579,98
27,50,703,112
28,1,585,47
28,2,910,86
28,3,486,55
28,4,518,70
28,5,343,64
28,6,278,62
28,7,646,60
28,8,706,153
28,9,683,72
28,10,792,131
28,11,1354,185
28,12,707,77
28,13,727,168
28,14,635,64
28,15,139,40
28,16,442,52
28,17,566,83
28,18,437,85
28,19,516,80
28,20,550,62
28,21,551,82
28,22,565,103
28,23,805,96
28,24,612,65
28,25,859,161
28,26,714,97
28,27,480,105
28,28,651,143
28,29,895,29
28,30,78,24
28,31,768,136
28,32,686,89
28,33,706,106
28,34,1098,111
28,35,776,71
28,36,339,53
28,37,850,93
28,38,359,39
28,39,543,54
28,40,819,110
28,41,489,68
28,42,723,70
28,43,845,110
28,44,498,61
28,45,837,149
28,46,1054,223
29,1,819,238
29,2,986,151
29,3,832,127
29,4,878,162
29,5,675,70
29,6,625,89
29,7,693,168
29,8,852,73
29,9,745,204
29,10,776,243
29,11,396,97
29,12,825,173
29,13,842,152
29,14,689,116
29,15,753,159
29,16,689,105
29,17,678,102
29,18,736,118
29,19,704,163
29,20,868,119
29,21,994,129
29,22,666,127
29,23,827,138
29,24,673,123
29,25,809,185
29,26,649,137
29,27,636,119
29,28,907,156
29,29,946,134
29,30,941,216
29,31,972,101
29,32,931,118
29,33,460,122
29,34,479,83
29,35,560,83
29,36,613,124
29,37,717,96
29,38,959,115
29,39,953,100
29,40,772,162
29,41,623,96
29,42,789,134
29,43,781,217
29,44,932,164
30,1,864,171
30,2,939,109
30,3,530,151
30,4,852,121
30,5,777,59
30,6,737,113
30,7,830,162
30,8,917,199
30,9,775,102
30,10,1026,127
30,11,881,80
30,12,861,76
30,13,833,113
30,14,778,58
30,15,579,199
30,16,539,54
30,17,894,120
30,18,1011,206
30,19,1025,81
30,20,854,154
30,21,708,96
30,22,1175,227
30,23,968,146
30,24,1102,220
30,25,1147,222
30,26,595,90
30,27,611,93
30,28,772,186
30,29,668,65
30,30,443,47
30,31,536,70
30,32,572,143
31,1,600,58
31,2,555,54
31,3,577,51
31,4,597,133
31,5,596,99
31,6,460,67
31,7,745,178
31,8,575,59
31,9,700,65
31,10,659,94
31,11,530,69
31,12,520,83
31,13,671,88
31,14,617,79
31,15,584,68
31,16,609,144
31,17,592,66
31,18,607,83
31,19,546,71
31,20,568,67
31,21,560,56
31,22,579,58
31,23,587,98
31,24,621,98
31,25,607,64
31,26,583,105
31,27,746,86
31,28,542,42
31,29,610,73
31,30,553,62
31,31,528,53
31,32,552,33
31,33,583,67
31,34,630,94
31,35,678,71
31,36,602,87
31,37,581,55
31,38,568,45
31,39,581,80
31,40,647,94
31,41,603,70
32,37,1025,185
32,38,866,172
32,39,997,185
32,40,798,183
32,41,874,190
32,42,821,158
32,43,686,249
32,1,1046,199
32,2,810,179
32,3,769,223
32,4,753,183
32,5,792,184
32,6,909,222
32,7,866,198
32,8,970,192
32,9,940,175
32,10,872,189
32,11,618,193
32,12,548,173
32,13,998,182
32,14,799,244
32,15,761,190
32,16,831,187
32,17,730,213
32,18,819,152
32,19,841,171
32,20,738,206
32,21,798,216
32,22,937,306
32,23,817,175
32,24,726,145
32,25,830,198
32,26,723,259
32,27,942,140
32,28,765,216
32,29,769,178
32,30,871,141
32,31,883,169
32,32,855,219
32,33,997,195
32,34,847,189
32,35,814,168
32,36,856,173
33,1,960,223
33,2,1221,287
33,3,1076,299
33,4,1127,268
33,5,894,167
33,6,832,151
33,7,1044,239
33,8,963,342
33,9,964,226
33,10,828,174
33,11,956,239
33,12,890,190
33,13,876,190
33,14,508,110
33,15,957,237
33,16,1174,259
33,17,960,229
33,18,1239,256
33,19,1058,196
33,20,1059,299
33,21,889,224
33,22,850,200
33,23,862,269
33,24,932,365
33,25,1052,251
33,26,633,159
33,27,988,200
33,28,795,190
34,1,661,185
34,2,525,148
34,3,777,154
34,4,581,97
34,5,623,122
34,6,762,170
34,7,679,185
34,8,634,101
34,9,615,91
34,10,648,169
34,11,670,82
34,12,709,190
34,13,681,130
34,14,659,107
34,15,755,123
34,16,712,120
34,17,869,197
34,18,570,78
34,19,766,144
34,20,687,203
34,21,673,233
34,22,605,163
34,23,586,111
34,24,645,111
34,25,990,240
34,26,794,168
34,27,605,87
34,28,551,53
34,29,570,119
34,30,519,202
34,31,685,89
34,32,708,123
34,33,605,101
34,34,692,170
34,35,902,185
34,36,593,145
34,37,507,47
34,38,434,50
34,39,562,71
34,40,780,148
34,41,484,77
34,42,633,160
34,43,540,163
34,44,644,161
34,45,662,158
34,46,453,126
34,47,689,108
34,48,651,185
34,49,600,175
34,50,620,110
34,51,669,183
34,52,471,132
34,53,562,82
35,1,793,212
35,2,730,245
35,3,750,147
35,4,778,183
35,5,664,158
35,6,833,156
35,7,747,225
35,8,779,182
35,9,838,148
35,10,759,231
35,11,943,220
35,12,741,82
35,13,762,89
35,14,753,113
35,15,990,220
35,16,670,49
35,17,809,214
35,18,711,89
35,19,753,70
35,20,848,141
35,21,829,174
35,22,1023,196
35,23,849,194
35,24,733,152
35,25,735,170
35,26,697,130
35,27,763,158
35,28,732,199
35,29,908,122
35,30,876,128
35,31,830,195
36,1,811,103
36,2,898,92
36,3,701,101
36,4,968,82
36,5,848,87
36,6,774,72
36,7,840,170
36,8,721,59
36,9,850,76
36,10,983,111
36,11,609,68
36,12,680,66
36,13,678,82
36,14,829,149
36,15,817,127
36,16,810,134
36,17,920,163
36,18,921,152
36,19,961,127
36,20,874,124
36,21,881,85
36,22,785,59
36,23,842,55
36,24,974,111
36,25,909,84
36,26,850,98
36,27,740,106
36,28,814,93
36,29,906,126
36,30,837,116
37,1,543,123
37,2,686,65
37,3,617,57
37,4,637,76
37,5,719,138
37,6,739,113
37,7,665,74
37,8,593,59
37,9,721,92
37,10,877,139
37,11,500,58
37,12,740,74
37,13,590,72
37,14,724,119
37,15,726,96
37,16,770,133
37,17,573,75
37,18,626,92
37,19,641,81
37,20,642,78
37,21,661,66
37,22,714,77
37,23,651,104
37,24,734,123
37,25,666,98
37,26,824,156
37,27,689,106
37,28,628,78
37,29,670,91
37,30,717,82
37,31,759,120
37,32,637,107
37,33,772,133
37,34,719,104
37,35,674,135
37,36,705,78
37,37,739,84
37,38,769,149
37,39,651,95
37,40,690,120
37,41,709,131
38,24,859,134
38,25,760,125
38,26,884,150
38,27,907,114
38,28,938,132
38,29,894,139
38,30,926,108
38,31,752,190
38,32,789,135
38,33,831,106
38,34,788,157
38,35,789,138
38,36,769,139
38,37,813,150
38,38,832,121
38,39,854,171
38,40,795,172
38,41,660,208
38,1,745,146
38,2,764,139
38,3,910,107
38,4,815,121
38,5,871,109
38,6,918,101
38,7,853,122
38,8,840,96
38,9,896,158
38,10,831,106
38,11,709,125
38,12,842,122
38,13,986,145
38,14,848,156
38,15,779,131
38,16,823,114
38,17,943,146
38,18,848,142
38,19,893,177
38,20,848,125
38,21,777,138
38,22,724,153
38,23,804,157
39,1,675,158
39,2,646,154
39,3,769,201
39,4,693,180
39,5,811,197
39,6,821,161
39,7,679,164
39,8,877,229
39,9,776,128
39,10,360,107
39,11,747,173
39,12,1077,211
39,13,831,134
39,14,733,177
39,15,885,189
39,16,849,93
39,17,702,242
39,18,789,194
39,19,796,194
39,20,882,200
39,21,779,162
39,22,822,114
39,23,751,164
39,24,854,225
39,25,821,111
39,26,798,142
39,27,112,41
39,28,876,264
39,29,439,82
39,30,892,195
39,31,782,107
39,32,843,169
39,33,847,191
39,34,933,165
39,35,792,193
39,36,273,63
39,37,649,209
39,38,361,152
39,39,462,107
39,40,814,156
39,41,756,200
39,42,710,224
39,43,744,171
39,44,546,138
39,45,649,192
40,1,825,138
40,2,871,182
40,3,909,282
40,4,583,109
40,5,830,246
40,6,794,279
40,7,687,259
40,8,935,371
40,9,787,126
40,10,1030,145
40,11,697,241
40,12,639,195
40,13,966,351
40,14,900,153
40,15,880,149
40,16,858,336
40,17,699,214
40,18,842,111
40,19,1074,212
40,20,903,158
40,21,813,316
40,22,965,299
40,23,819,353
40,24,860,137
40,25,833,315
40,26,748,261
40,27,973,243
40,28,782,219
40,29,833,220
40,30,679,194
40,31,790,308
40,32,773,258
40,33,691,278
40,34,776,159
40,35,775,92
40,36,658,188
40,37,847,185
40,38,824,274
40,39,420,38
41,1,760,142
41,2,749,155
41,3,788,154
41,4,706,168
41,5,926,167
41,6,784,255
41,7,801,144
41,8,759,139
41,9,797,145
41,10,737,207
41,11,857,163
41,12,939,129
41,13,919,147
41,14,756,238
41,15,948,217
41,16,767,141
41,17,685,134
41,18,686,133
41,19,801,204
41,20,574,92
41,21,764,169
41,22,807,198
41,23,868,127
41,24,801,126
41,25,1103,63
41,26,673,148
41,27,861,72
41,28,1019,95
41,29,893,53
41,30,794,160
41,31,694,152
41,32,674,146
41,33,743,135
41,34,717,135
41,35,905,216
41,36,762,148
41,37,843,168
41,38,807,130
41,39,802,201
41,40,862,180
41,41,823,121
41,42,761,139
41,43,818,143
41,44,789,149
41,45,812,144
41,46,749,180
41,47,865,204
42,41,912,185
42,42,1629,280
42,1,739,233
42,2,894,127
42,3,805,175
42,4,2082,313
42,5,793,149
42,6,704,250
42,7,967,215
42,8,745,217
42,9,1314,170
42,10,1157,234
42,11,587,146
42,12,703,180
42,13,637,235
42,14,1092,176
42,15,1329,187
42,16,783,174
42,17,1633,186
42,18,1030,130
42,19,1114,283
42,20,1049,138
42,21,837,161
42,22,552,79
42,23,1020,208
42,24,741,173
42,25,1068,162
42,26,1598,223
42,27,494,152
42,28,802,256
42,29,1244,261
42,30,626,214
42,31,1001,204
42,32,1111,124
42,33,1011,226
42,34,763,182
42,35,1095,230
42,36,1487,200
42,37,743,109
42,38,912,127
42,39,1541,151
42,40,1188,191
43,1,413,102
43,2,808,205
43,3,761,183
43,4,926,178
43,5,714,178
43,6,584,135
43,7,507,148
43,8,571,139
43,9,836,187
43,10,897,241
43,11,652,123
43,12,468,116
43,13,727,190
43,14,761,191
43,15,753,190
43,16,1201,209
43,17,636,144
43,18,909,207
43,19,780,199
43,20,883,243
43,21,901,166
43,22,561,149
43,23,550,120
43,24,727,156
43,25,601,212
43,26,517,176
43,27,731,182
43,28,950,171
43,29,1033,235
43,30,749,175
43,31,777,190
43,32,679,173
43,33,789,236
43,34,435,124
43,35,831,222
43,36,431,81
43,37,751,155
43,38,641,167
43,39,647,117
43,40,422,114
43,41,881,199
43,42,705,170
43,43,815,214
43,44,772,183
43,45,463,131
43,46,466,105
44,1,1056,324
44,2,844,201
44,3,469,193
44,4,684,202
44,5,686,194
44,6,888,240
44,7,543,189
44,8,1028,248
44,9,803,171
44,10,732,177
44,11,848,206
44,12,757,274
44,13,743,156
44,14,640,186
44,15,728,211
44,16,920,230
44,17,1048,300
44,18,893,212
44,19,906,293
44,20,874,223
44,21,858,214
44,22,695,219
44,23,596,163
44,24,561,205
44,25,854,253
44,26,865,240
44,27,793,217
44,28,823,216
44,29,860,211
44,30,876,236
44,31,750,140
44,32,902,181
44,33,779,226
44,34,834,246
44,35,848,260
44,36,844,190
44,37,881,297
44,38,1013,186
44,39,835,210
44,40,800,189
44,41,928,260
45,1,561,176
45,2,700,214
45,3,658,207
45,4,809,254
45,5,742,209
45,6,926,303
45,7,1079,297
45,8,877,170
45,9,844,153
45,10,823,182
45,11,627,94
45,12,774,155
45,13,623,161
45,14,1151,229
45,15,847,250
45,16,641,170
45,17,871,188
45,18,905,174
45,19,473,74
45,20,585,101
45,21,743,154
45,22,853,122
45,23,841,133
45,24,664,99
45,25,501,111
45,26,455,83
45,27,752,138
45,28,710,130
45,29,596,116
45,30,739,142
45,31,636,138
45,32,760,143
45,33,546,136
45,34,827,158
45,35,805,188
45,36,770,206
45,37,755,169
45,38,810,148
45,39,828,147
45,40,779,149
45,41,756,127
45,42,697,182
45,43,807,143
45,44,759,188
45,45,554,84
45,46,638,96
45,47,595,113
45,48,631,113
46,1,595,161
46,2,702,238
46,3,856,306
46,4,719,257
46,5,1016,247
46,6,839,198
46,7,701,307
46,8,750,159
46,9,735,244
46,10,1167,301
46,11,829,200
46,12,813,283
46,13,798,239
46,14,1047,162
46,15,743,224
46,16,831,305
46,17,809,253
46,18,844,233
46,19,466,190
46,20,783,204
46,21,713,100
46,22,709,156
46,23,733,197
46,24,903,332
46,25,734,238
46,26,1090,271
46,27,848,253
46,28,687,215
46,29,664,176
46,30,760,211
46,31,711,226
46,32,938,85
46,33,737,261
46,34,987,255
46,35,919,174
46,36,707,253
46,37,769,153
46,38,884,205
46,39,681,213
46,40,614,245
47,1,553,168
47,2,763,224
47,3,744,229
47,4,900,265
47,5,799,301
47,6,931,259
47,7,711,170
47,8,782,243
47,9,786,183
47,10,957,337
47,11,781,217
47,12,834,258
47,13,794,286
47,14,699,231
47,15,912,327
47,16,804,220
47,17,829,227
47,18,762,236
47,19,1161,407
47,20,771,270
47,21,877,292
47,22,760,311
47,23,842,298
47,24,853,285
47,25,922,287
47,26,962,332
47,27,654,197
47,28,705,245
47,29,867,255
47,30,919,317
47,31,836,293
47,32,929,362
47,33,778,213
47,34,730,265
47,35,805,167
47,36,815,305
47,37,732,248
47,38,761,282
47,39,801,316
47,40,521,217
47,41,797,297
47,42,682,240
47,43,725,201
47,44,781,212
47,45,691,299
47,46,828,122
47,47,912,270
47,48,82,25
48,1,713,265
48,2,339,116
48,3,942,241
48,4,684,268
48,5,431,220
48,6,961,235
48,7,772,292
48,8,435,135
48,9,574,165
48,10,898,380
48,11,589,231
48,12,868,291
48,13,925,320
48,14,355,128
48,15,469,116
48,16,853,234
48,17,678,256
48,18,625,170
48,19,523,222
48,20,754,285
48,21,1070,272
48,22,549,249
48,23,753,334
48,24,997,212
48,25,567,225
48,26,368,105
48,27,620,147
48,28,965,256
48,29,332,173
48,30,606,236
48,31,1027,232
48,32,746,205
48,33,385,142
48,34,608,217
48,35,632,145
48,36,408,165
48,37,782,256
48,38,746,296
48,39,618,205
48,40,622,220
48,41,819,227
48,42,829,303
48,43,882,267
48,44,882,302
48,45,482,166
48,46,473,180
49,1,639,121
49,2,442,145
49,3,998,256
49,4,997,255
49,5,806,235
49,6,647,180
49,7,615,183
49,8,788,163
49,9,755,219
49,10,800,226
49,11,942,235
49,12,842,224
49,13,926,255
49,14,614,159
49,15,709,153
49,16,780,222
49,17,688,173
49,18,847,259
49,19,848,149
49,20,1109,319
49,21,590,100
49,22,929,229
49,23,964,237
49,24,749,132
49,25,916,252
49,26,922,234
49,27,727,175
49,28,1050,304
49,29,882,253
49,30,885,215
49,31,630,144
49,32,813,200
49,33,640,174
50,23,705,92
50,24,772,193
50,25,902,200
50,26,976,115
50,27,258,59
50,28,970,157
50,29,875,74
50,30,633,114
50,31,1079,139
50,32,984,122
50,33,605,234
50,34,947,278
50,35,855,221
50,36,780,206
50,37,712,148
50,38,287,91
50,39,692,94
50,40,935,270
50,1,784,225
50,2,515,118
50,3,699,202
50,4,854,213
50,5,628,167
50,6,785,201
50,7,721,241
50,8,773,142
50,9,698,153
50,10,1028,163
50,11,647,219
50,12,309,75
50,13,1020,138
50,14,259,67
50,15,756,254
50,16,250,69
50,17,1000,118
50,18,163,42
50,19,710,86
50,20,766,179
50,21,661,151
50,22,867,169